{
  "urls": [
    "ch1.mp3",
    "ch1.ogg",
    "ch1.m4a"
  ],
  "sprite": {
    "silence": [
      0,
      1000,
      true
    ],
    "BetDown": [
      1050,
      637.4829931972788
    ],
    "BonusMeterReveal2": [
      2100,
      1750
    ],
    "MusicTermLose": [
      4150,
      3374.9886621315195
    ],
    "MusicTermWin": [
      8200.000000000002,
      6250
    ],
    "Reveal02": [
      15250.000000000002,
      770.8163265306123
    ]
  }
}