{
  "urls": [
    "ch4.mp3",
    "ch4.ogg",
    "ch4.m4a"
  ],
  "sprite": {
    "silence": [
      0,
      1000,
      true
    ],
    "BuyButton": [
      1050,
      1583.3333333333333
    ],
    "Click": [
      3100,
      391.6553287981861
    ],
    "RevealAllButton": [
      4150,
      1689.569160997732
    ]
  }
}