{
  "urls": [
    "ch3.mp3",
    "ch3.ogg",
    "ch3.m4a"
  ],
  "sprite": {
    "silence": [
      0,
      1000,
      true
    ],
    "BetMax": [
      1050,
      1563.0158730158728
    ],
    "BonusMeterReveal4": [
      3099.9999999999995,
      2750
    ]
  }
}